epoch,lr,time_s,train/loss,train/acc,val/loss,val/acc,val/macro_f1,val/recall/clean,val/recall/salt_pepper,val/recall/gaussian_blur,val/recall/occlusion
0,0.00183835905936748,3.1677298545837402,0.6211308208496674,0.7377717391304348,0.14793415367603302,0.9402173913043478,0.9394813415541312,0.842391304347826,1.0,0.9347826086956522,0.9836956521739131
1,0.0018354082495432148,3.001412868499756,0.21952719808272694,0.9286684782608695,0.10245084762573242,0.9646739130434783,0.9649482564124578,0.9510869565217391,0.9836956521739131,0.9619565217391305,0.9619565217391305
2,0.0018265749572044488,2.995999336242676,0.16439353617960992,0.9432744565217391,0.19592776894569397,0.9320652173913043,0.93298338942769,0.9130434782608695,1.0,0.907608695652174,0.907608695652174
3,0.001811916469641612,3.004138946533203,0.08657257647618004,0.9762228260869565,0.3431087136268616,0.8478260869565217,0.8481575627785668,0.7608695652173914,0.6847826086956522,0.9945652173913043,0.9510869565217391
4,0.001791527852771474,2.9311554431915283,0.1030603515125973,0.9616168478260869,0.059343669563531876,0.9809782608695652,0.9809151123326271,0.9565217391304348,1.0,0.967391304347826,1.0
5,0.001765541334598194,3.0618081092834473,0.07629307740084502,0.9772418478260869,0.08934831619262695,0.9714673913043478,0.9711106386748162,0.907608695652174,1.0,0.9782608695652174,1.0
6,0.001734125447663973,3.0358738899230957,0.06330895805528955,0.9809782608695652,0.04372095689177513,0.9891304347826086,0.9891106913409329,0.967391304347826,1.0,0.9891304347826086,1.0
7,0.0016974839360508476,2.9833781719207764,0.07757186478651736,0.9786005434782609,0.036040548235177994,0.9904891304347826,0.9904996556485284,0.9891304347826086,1.0,0.9782608695652174,0.9945652173913043
8,0.001655854434022134,2.962143898010254,0.0443396399825123,0.9891304347826086,0.03982718288898468,0.9918478260869565,0.9918478260869565,0.9836956521739131,1.0,0.9836956521739131,1.0
9,0.001609506924873043,3.0637166500091553,0.06566663728723221,0.9823369565217391,0.0214146226644516,0.9932065217391305,0.9931991073701758,0.9836956521739131,1.0,0.9891304347826086,1.0
10,0.0015587419899854096,3.0746657848358154,0.04656148886652258,0.9850543478260869,0.032272275537252426,0.9864130434782609,0.9863516965548689,0.9565217391304348,1.0,0.9891304347826086,1.0
11,0.0015038888594420883,3.081665277481079,0.06821529574580895,0.9796195652173914,0.03999177739024162,0.9891304347826086,0.989150054323123,0.9945652173913043,1.0,0.967391304347826,0.9945652173913043
12,0.0014453032768435314,3.0595991611480713,0.03551444738759133,0.9904891304347826,0.056663304567337036,0.9850543478260869,0.985045403160858,0.9456521739130435,1.0,0.9945652173913043,1.0
13,0.0013833651921740285,2.996821641921997,0.04116008555422962,0.9891304347826086,0.04722221940755844,0.9904891304347826,0.9904844791469901,0.9891304347826086,1.0,0.9728260869565217,1.0
14,0.0013184762976802607,2.960296630859375,0.050563636544646455,0.9850543478260869,0.03176156431436539,0.9904891304347826,0.9905075208790235,0.9836956521739131,0.9945652173913043,0.9891304347826086,0.9945652173913043
15,0.001251057422742938,3.0003671646118164,0.030722883595761075,0.990828804347826,0.021634068340063095,0.9932065217391305,0.9932064715742526,0.9836956521739131,1.0,0.9891304347826086,1.0
16,0.0011815458046367802,2.9328880310058594,0.0344165417330299,0.9901494565217391,0.025086579844355583,0.9932065217391305,0.9932138759102316,0.9891304347826086,0.9945652173913043,0.9891304347826086,1.0
17,0.0011103922528790085,2.9564552307128906,0.03699893537660777,0.9877717391304348,0.014523383229970932,0.9959239130434783,0.9959238829445515,0.9945652173913043,1.0,0.9891304347826086,1.0
18,0.0010380582255566373,2.9518299102783203,0.026190582160463393,0.9925271739130435,0.03748519346117973,0.9918478260869565,0.9918473418473419,0.9891304347826086,1.0,0.9782608695652174,1.0
19,0.0009650128365937029,2.9666786193847656,0.023439956712536514,0.9918478260869565,0.022908413782715797,0.9945652173913043,0.9945652173913043,0.9891304347826086,1.0,0.9891304347826086,1.0
20,0.0008917298133674523,2.9547879695892334,0.024358477531400833,0.9918478260869565,0.025449594482779503,0.9945652173913043,0.9945645752097365,1.0,1.0,0.9782608695652174,1.0
21,0.0008186844244045176,2.8810460567474365,0.026627048095890685,0.9938858695652174,0.02183474227786064,0.9945652173913043,0.9945758345263596,1.0,0.9945652173913043,0.9836956521739131,1.0
22,0.0007463503970821465,2.952237606048584,0.030137762755064457,0.9901494565217391,0.022520925849676132,0.9945652173913043,0.9945652173913043,0.9891304347826086,1.0,0.9891304347826086,1.0
23,0.0006751968453243748,3.001039505004883,0.031836449993652816,0.9901494565217391,0.019777271896600723,0.9932065217391305,0.9932064715742526,0.9891304347826086,1.0,0.9836956521739131,1.0
24,0.0006056852272182168,3.015105962753296,0.020066928109609642,0.9945652173913043,0.0193000677973032,0.9959239130434783,0.9959238829445515,0.9945652173913043,1.0,0.9891304347826086,1.0
25,0.0005382663522808938,2.9935193061828613,0.024478389281759282,0.993546195652174,0.019229048863053322,0.9959239130434783,0.9959238829445515,0.9945652173913043,1.0,0.9891304347826086,1.0
26,0.0004733774577871263,2.9827687740325928,0.01194731744750322,0.9952445652173914,0.01496087945997715,0.9972826086956522,0.9972825284300695,1.0,1.0,0.9891304347826086,1.0
27,0.00041143937311762343,2.9773683547973633,0.011260041657015276,0.9955842391304348,0.01573052816092968,0.9972826086956522,0.9972825284300695,1.0,1.0,0.9891304347826086,1.0
28,0.00035285379051906647,2.925774574279785,0.019877569262145855,0.993546195652174,0.012396917678415775,0.9932065217391305,0.9932064715742526,0.9836956521739131,1.0,0.9891304347826086,1.0
29,0.00029800065997574526,2.9250266551971436,0.011040987784129,0.9969429347826086,0.011040082201361656,0.9959239130434783,0.9959238829445515,0.9945652173913043,1.0,0.9891304347826086,1.0
30,0.0002472357250881116,2.9022316932678223,0.009059997702538765,0.9962635869565217,0.011178185231983662,0.9959239130434783,0.9959238829445515,0.9945652173913043,1.0,0.9891304347826086,1.0
31,0.00020088821593902096,2.937619209289551,0.012881245165455925,0.9962635869565217,0.010698025114834309,0.9959239130434783,0.9959238829445515,0.9945652173913043,1.0,0.9891304347826086,1.0
32,0.00015925871391030735,2.9821927547454834,0.008020345351921962,0.9969429347826086,0.013941705226898193,0.9972826086956522,0.9972825284300695,1.0,1.0,0.9891304347826086,1.0
33,0.0001226172022971819,2.998016119003296,0.010099056362852698,0.9972826086956522,0.009694735519587994,0.9959239130434783,0.9959238829445515,0.9945652173913043,1.0,0.9891304347826086,1.0
34,9.120131536296084e-05,2.991393566131592,0.011293768022923083,0.9972826086956522,0.009696769528090954,0.9959239130434783,0.9959238829445515,0.9945652173913043,1.0,0.9891304347826086,1.0
35,6.521479718968071e-05,2.980769395828247,0.012510529383333684,0.9959239130434783,0.010882440954446793,0.9972826086956522,0.9972825284300695,1.0,1.0,0.9891304347826086,1.0
36,4.48261803195427e-05,2.9951651096343994,0.011980515273298015,0.9949048913043478,0.01091185212135315,0.9972826086956522,0.9972825284300695,1.0,1.0,0.9891304347826086,1.0
