epoch,lr,time_s,train/loss,train/l1,train/ssim,val/loss,val/score,val/psnr,val/ssim,val/mae
0,0.0002154381068507382,29.537971258163452,0.3173754041123649,0.14023984417967175,0.4710042486372201,0.2739569881687994,0.4793915390968323,16.154529571533203,0.5549198389053345,0.1307193785905838
1,0.00042854715308687384,29.28613305091858,0.23668725715707178,0.10813947074601184,0.6097392478714818,0.22404666439346646,0.5374776899814606,17.706750869750977,0.6322866082191467,0.10379131138324738
2,0.00042823604493403937,28.978007078170776,0.20807057141285876,0.09334305532114662,0.6548667349245237,0.19808085068412448,0.5691412925720215,18.613292694091797,0.672950267791748,0.09012825787067413
3,0.0004273036330093515,29.06427001953125,0.19631684879245964,0.08503146088965562,0.6707327019261278,0.19039420977882718,0.5802871942520141,19.284360885620117,0.6784653663635254,0.08062392473220825
4,0.00042575265223763776,29.28713607788086,0.19235382196695908,0.08229273249921591,0.6761583747423213,0.18346069494019385,0.5901029884815217,19.666465759277344,0.6885443329811096,0.07632321864366531
5,0.0004235876519127321,29.127177238464355,0.18758090561174828,0.0790692408690634,0.6827823590973149,0.18406201704688693,0.5921682119369507,19.903230667114258,0.6867556571960449,0.07593075186014175
6,0.0004208149823536121,29.03327989578247,0.18542910788370215,0.07802156723387864,0.6862532282653062,0.17640814509080804,0.6005408644676209,20.1428165435791,0.6975113153457642,0.07087323069572449
7,0.00041744277627781955,29.068545818328857,0.18215183201043503,0.07636180258882434,0.691462913285131,0.1754408614790958,0.6019168674945832,20.193523406982422,0.6989956498146057,0.07033875584602356
8,0.00041348092494679817,29.246381044387817,0.1816447717340096,0.07554052434051814,0.6915945851284525,0.17981526514758234,0.5948644995689392,19.855409622192383,0.6933437585830688,0.07364378869533539
9,0.00040894104915311996,29.218729496002197,0.1813184433495221,0.07551157608142366,0.6922761852974477,0.18469956517219543,0.5884260714054108,19.417308807373047,0.6914194226264954,0.08100571483373642
10,0.0004038364651346981,29.01203966140747,0.1784389594812756,0.07350946679387403,0.6962038528012193,0.17526316772336545,0.6021300613880157,20.173051834106445,0.6999338269233704,0.07079755514860153
11,0.000398182145515967,29.031951904296875,0.17676728348369183,0.07245816089941756,0.6986166718213455,0.17291859634544537,0.6050629794597626,20.262941360473633,0.7035524249076843,0.06951937079429626
12,0.0003919946753905951,29.017456531524658,0.1763165778601947,0.0719842144045169,0.6990396140710168,0.17022949327593265,0.6079712510108948,20.327672958374023,0.707750678062439,0.06809347122907639
13,0.00038529220367454714,29.02779984474182,0.17467368799059288,0.0715140371137987,0.7020835192955058,0.17047471779844034,0.6083933591842652,20.388778686523438,0.7070672512054443,0.06797194480895996
14,0.00037809438987218715,29.187291622161865,0.17383495418597822,0.07078039779773225,0.7030478071259416,0.1691641690938369,0.6086981058120727,20.294130325317383,0.7100429534912109,0.0680551752448082
15,0.0003704223464115646,29.23249864578247,0.17156138676016228,0.0693112715633343,0.7062824245380319,0.16613430173500723,0.6124636888504028,20.44882583618164,0.7137067317962646,0.06555596739053726
16,0.0003622985767180253,29.08617925643921,0.17188197657789872,0.06960897878541247,0.7059344970013784,0.16676155186217764,0.6116966247558594,20.366832733154297,0.7142224311828613,0.06713994592428207
17,0.0003537469092077878,29.000866651535034,0.16920412728643935,0.06816364174870693,0.710084804698177,0.16638762601043866,0.6132945477962494,20.533750534057617,0.7132453322410583,0.06563510745763779
18,0.0003447924273950926,29.04919409751892,0.1685770576738793,0.06749052564492045,0.7106568651354831,0.1700843235720759,0.6073917329311371,20.214828491210938,0.7094127535820007,0.06921802461147308
19,0.00033546139631793334,29.12704062461853,0.1680062276351711,0.06725027622736018,0.711622632716013,0.16472284560618194,0.6156014978885651,20.61309242248535,0.7158756852149963,0.06477855890989304
20,0.0003257811854981751,29.243706226348877,0.16717887175795826,0.0663500061744581,0.7123628780245781,0.1646969681200774,0.6155934870243073,20.535890579223633,0.7177897095680237,0.0663330927491188
21,0.0003157801886620309,29.078832626342773,0.1667014298879582,0.06605587191069903,0.7130593148910481,0.16208661639172098,0.6181754052639008,20.63076400756836,0.7205817103385925,0.06387483328580856
22,0.00030548774045637033,29.197546005249023,0.16523233469089735,0.0647452526482875,0.7147177383303642,0.16118262772974762,0.621174955368042,20.873062133789062,0.7205233573913574,0.06216531619429588
23,0.0002949340304051463,29.236844062805176,0.16525195433717707,0.06521466538391035,0.7152354762605999,0.16167001814945883,0.6198551297187805,20.79899024963379,0.7197355031967163,0.0624011792242527
24,0.00028415001435831943,29.005820512771606,0.16368729183855263,0.06390290144507003,0.7171022723550382,0.1585833287757376,0.6240560352802277,20.957691192626953,0.7241697907447815,0.06044253706932068
25,0.0002731673236930171,29.241769075393677,0.16198218743438306,0.062578984880415,0.7192627748717433,0.16010160355464273,0.6224323809146881,20.898723602294922,0.7223966717720032,0.06174750253558159
26,0.0002620181725332532,29.252576112747192,0.16135776642224062,0.061933777902437294,0.719862362936787,0.16273660245149033,0.6191204726696015,20.6922550201416,0.7209345698356628,0.06536424905061722
27,0.0002507352632603532,29.065252780914307,0.16143549751976263,0.062110684386899935,0.7199031137253927,0.15884423126345096,0.6228789150714874,20.824535369873047,0.7251444458961487,0.06173761934041977
28,0.00023935169059123443,29.224371433258057,0.16038135431059028,0.06104273385489765,0.7209407635357069,0.15923723319302435,0.6221424758434295,20.74921226501465,0.7255546450614929,0.0628029927611351
29,0.00022790084450589936,29.03747534751892,0.15961439235378866,0.06085041997468342,0.7223942461221114,0.15739397186300028,0.6272450447082519,21.145475387573242,0.7258532047271729,0.059666749089956284
30,0.0002164163123088713,29.23447871208191,0.15972577326971552,0.06148303779975876,0.7229055759051571,0.1566693841115288,0.627935653924942,21.187942504882812,0.7261727452278137,0.05860310047864914
31,0.00020493178011184328,29.15375018119812,0.15769346090762512,0.059631914912682514,0.7251543516050214,0.1563593460165936,0.627377724647522,21.0655574798584,0.728116512298584,0.05966049060225487
32,0.00019348093402650823,29.013285160064697,0.1565056399077825,0.0581343631543543,0.7259721451479456,0.1548950283423714,0.6287716031074524,21.06358528137207,0.730953574180603,0.0593452975153923
33,0.00018209736135738942,29.215911149978638,0.155140380901487,0.057540654447739537,0.7282591585231863,0.1540230305298515,0.6313121974468231,21.2161808013916,0.7322198748588562,0.05880337208509445
34,0.00017081445208448943,29.26978325843811,0.15525000226562438,0.057236370083916445,0.7276550524908564,0.15419156914171966,0.6299027979373932,21.085695266723633,0.7326632142066956,0.05948401615023613
35,0.00015966530092472562,29.095128774642944,0.15449407737216223,0.05692212668288013,0.7289386443469835,0.15492842832337256,0.6299085497856141,21.148008346557617,0.7311168909072876,0.05954330042004585
36,0.00014868261025942318,29.0586199760437,0.15268290824378314,0.05577304708245008,0.7315407994648685,0.15252737571363864,0.6319665610790253,21.17182731628418,0.734637439250946,0.05807938799262047
37,0.00013789859421259632,29.230729341506958,0.15250288658653913,0.05524294681685126,0.7313025895020236,0.154115854398064,0.6319103479385376,21.28363800048828,0.7317297458648682,0.05856359377503395
38,0.00012734488416137226,29.279556035995483,0.15248102771685176,0.055353040422272425,0.7314820898615796,0.15181505226570627,0.6335540235042572,21.255126953125,0.7357298731803894,0.057685282081365585
39,0.00011705243595571167,29.198317289352417,0.1521047673228642,0.05500973647703295,0.731897722767747,0.15312377395837204,0.6303827106952667,21.01902198791504,0.7352898716926575,0.05972113832831383
40,0.0001070514391195674,29.053396940231323,0.15089565175382988,0.05427832065312111,0.7336775356012842,0.15180274844169617,0.6327044367790222,21.171045303344727,0.7361327409744263,0.057999756187200546
41,9.737122829980927e-05,29.12898087501526,0.15060922948886518,0.05404674595869754,0.7340294841838919,0.15180160817892654,0.6338469028472901,21.275836944580078,0.7357978820800781,0.05771737918257713
42,8.80401972226501e-05,29.06386160850525,0.14931237325072289,0.053049213860345924,0.7356839361398116,0.15058163974596106,0.6361478865146637,21.382503509521484,0.7377331852912903,0.05709623172879219
43,7.908571540995481e-05,29.092386484146118,0.1496245574368083,0.052908187651115914,0.7348303117829821,0.15048807859420776,0.6358821570873261,21.33922004699707,0.7382838129997253,0.05738532170653343
44,7.05340478997172e-05,29.11291003227234,0.1496347592657675,0.0526242938257106,0.7344687574583552,0.14976049052632373,0.6373888194561005,21.433307647705078,0.738944947719574,0.05660202354192734
45,6.241027820617803e-05,29.032609462738037,0.14875103517071062,0.0523910296311521,0.7361295748016109,0.1505032576944517,0.6359416127204895,21.324905395507812,0.7387605905532837,0.05781221389770508
46,5.473823474555546e-05,29.17155361175537,0.14854071844045236,0.05209336579655823,0.7362355395503666,0.14927336379237796,0.6372107446193696,21.406692504882812,0.7392541766166687,0.05596604198217392
47,4.754042094319545e-05,29.20009708404541,0.14698350304008825,0.05093383448927299,0.7382678603348525,0.14969525389049365,0.6354538381099701,21.24055290222168,0.7398938536643982,0.05727650225162506
48,4.0837949227147516e-05,29.285583972930908,0.14709548036689343,0.051085305967084736,0.7382030668465988,0.14817263250765594,0.6393819570541381,21.510225296020508,0.7410082817077637,0.055412162095308304
49,3.465047910177557e-05,29.35382890701294,0.1467299446787523,0.05060845317885927,0.7384356137203134,0.14842376825602158,0.6385194957256317,21.453981399536133,0.7406894564628601,0.05560668557882309
50,2.899615948304451e-05,29.12247920036316,0.14581213288171135,0.05007196434409074,0.739808984424757,0.14790167691914932,0.639641922712326,21.50802230834961,0.7415832877159119,0.05539571866393089
51,2.3891575464622686e-05,28.995484352111816,0.14658328433237647,0.050257915023552334,0.7383387043424274,0.14799972785555798,0.6399589300155639,21.54088592529297,0.7413957118988037,0.05541878193616867
52,1.935169967094442e-05,29.081682920455933,0.14570242939921824,0.04974772001657149,0.7396623787024746,0.14765597167222397,0.6408647358417511,21.608455657958984,0.7415180802345276,0.05488978326320648
53,1.5389848339923047e-05,29.30214285850525,0.14587801532900851,0.049923765088391046,0.7394873435082643,0.14765274848627008,0.6398528277873993,21.509960174560547,0.7419566512107849,0.05525091290473938
54,1.2017642264130465e-05,29.2133469581604,0.14553676922198222,0.04961667224035963,0.7398693914646688,0.14758120218048926,0.6404554069042205,21.56035041809082,0.7419020533561707,0.05507386103272438
55,9.244972705010527e-06,29.189520120620728,0.1450839810802237,0.04955361617486114,0.7407877837186274,0.14724410228107288,0.640622591972351,21.557205200195312,0.7423150539398193,0.054800208657979965
56,7.079972380104863e-06,29.17528772354126,0.1447311973847125,0.049214815660177366,0.7411572745312816,0.14736468571683634,0.6405348062515259,21.55016326904297,0.7423155307769775,0.055022209882736206
57,5.5289916083911115e-06,29.090487003326416,0.1464730893140254,0.04985939233523348,0.7381044402718544,0.14751010938830997,0.6402473151683807,21.53120994567871,0.7422143816947937,0.0552046075463295
58,4.5965796837032155e-06,29.122438192367554,0.14476960589704307,0.04919438884067147,0.7410485760673232,0.14725889978201492,0.6408326745033264,21.569381713867188,0.7424308061599731,0.054924312978982925
59,4.285471530868739e-06,29.074029445648193,0.14504948918424224,0.049316380598136915,0.7405800615315852,0.14713958035344663,0.6409823775291443,21.578458786010742,0.74250328540802,0.05476575344800949
