epoch,lr,time_s,train/loss,train/l1,train/ssim,val/psnr,val/ssim,val/mae,val/psnr/clean,val/ssim/clean,val/mae/clean,val/psnr/salt_pepper,val/ssim/salt_pepper,val/mae/salt_pepper,val/psnr/gaussian_blur,val/ssim/gaussian_blur,val/mae/gaussian_blur,val/psnr/occlusion,val/ssim/occlusion,val/mae/occlusion,val/score,val/loss
0,0.0004001134592072251,24.107957363128662,0.25092866377014184,0.1145198363000932,0.5977433770895004,19.492067337036133,0.6824077367782593,0.08676426112651825,20.1925106048584,0.7413083910942078,0.0803896114230156,19.88202667236328,0.6524666547775269,0.08406329154968262,20.412612915039062,0.7376843094825745,0.07847889512777328,17.481122970581055,0.5981718301773071,0.10412523150444031,0.5848547101020813,0.1961940358514371
1,0.0007959013675041019,24.02440881729126,0.1817371411168057,0.0885013884095394,0.714829845920853,19.646337509155273,0.733684778213501,0.0857447162270546,20.24636459350586,0.7826493978500366,0.08023396879434586,20.407928466796875,0.743373692035675,0.07920709252357483,20.59449005126953,0.7742796540260315,0.07660243660211563,17.336570739746094,0.6344364285469055,0.10693533718585968,0.6124216079711914,0.17134868515574414
2,0.0007955818561592754,23.949288606643677,0.15205134791524513,0.0760360874802522,0.7636195476288381,21.26091194152832,0.7805929780006409,0.07101889699697495,22.236862182617188,0.827484130859375,0.06440850347280502,21.96210289001465,0.7967955470085144,0.06733234971761703,22.145309448242188,0.8119803071022034,0.06650011241436005,18.69938087463379,0.6861119866371155,0.08583462238311768,0.6560578882694245,0.1413660114226134
3,0.0007946238403733655,23.845831394195557,0.13362520123305527,0.06720797640635916,0.7926934730747471,21.58725357055664,0.7904738783836365,0.06708454340696335,22.3129825592041,0.8371936678886414,0.06235024333000183,22.027481079101562,0.8077759742736816,0.06579236686229706,22.82682991027832,0.82131427526474,0.05898110941052437,19.181716918945312,0.6956114768981934,0.08121442794799805,0.6650776088237762,0.13461255703283392
4,0.0007930288740514802,23.86500597000122,0.12462797542305096,0.06315691179960319,0.8071778261143229,22.25959014892578,0.800713062286377,0.06301110982894897,23.04020881652832,0.8471812605857849,0.05870711803436279,23.22003936767578,0.8188753724098206,0.057913314551115036,23.299470901489258,0.8309754133224487,0.056462910026311874,19.47864532470703,0.7058204412460327,0.0789610743522644,0.6786014080047608,0.1276160381410433
5,0.0007907995442348263,23.949477195739746,0.11688736838329097,0.059629229261823326,0.8195921276574549,23.32773208618164,0.8240950107574463,0.0555417537689209,24.473159790039062,0.8693525195121765,0.050245776772499084,24.67679786682129,0.8507921099662781,0.04834546893835068,24.208044052124023,0.8467971086502075,0.052602559328079224,19.952922821044922,0.7294385433197021,0.07097321003675461,0.7036441564559937,0.11260293424129486
6,0.0007879394669045188,23.911845207214355,0.11145703842782456,0.05653467003013129,0.827613693540511,23.772991180419922,0.8340390920639038,0.051867175847291946,24.928050994873047,0.8804316520690918,0.04686324670910835,25.18022346496582,0.8613308072090149,0.045205436646938324,24.781330108642578,0.8558200597763062,0.04897567629814148,20.202363967895508,0.7385739684104919,0.06642433255910873,0.7141819357872009,0.10595616536295932
7,0.0007844532811164464,23.897335529327393,0.1057128368107521,0.054550413912891046,0.8375290697035582,22.576234817504883,0.830173134803772,0.058274947106838226,23.505355834960938,0.8753846287727356,0.053825363516807556,23.663728713989258,0.8598874807357788,0.053012460470199585,23.2750244140625,0.8464359045028687,0.05615765601396561,19.86082649230957,0.7389847040176392,0.07010432332754135,0.697289502620697,0.11115891130074211
8,0.0007803466414767055,23.864449977874756,0.10264169704169035,0.05282920819666723,0.8420977858097657,23.51502799987793,0.8433172106742859,0.052631400525569916,24.589599609375,0.8903844952583313,0.04783416911959648,24.543981552124023,0.8712074160575867,0.04809608682990074,24.49740982055664,0.859951913356781,0.048993948847055435,20.429119110107422,0.7517248392105103,0.0656014010310173,0.7155964553356171,0.10195955634117126
9,0.0007756262089698095,23.877357721328735,0.09818317866681711,0.051586209492676935,0.850123507173165,23.3153076171875,0.8399012088775635,0.05507124960422516,24.247394561767578,0.8888000845909119,0.051235366612672806,24.3958740234375,0.8663791418075562,0.050206683576107025,24.23314666748047,0.8564162254333496,0.05060332641005516,20.384807586669922,0.7480095028877258,0.06823962926864624,0.7113919496536255,0.1048621891633324
10,0.0007702996401545467,23.859688758850098,0.0953737445499586,0.049604438204804195,0.853851127559724,23.6851806640625,0.849865734577179,0.05283564701676369,24.8914794921875,0.9001461267471313,0.047696761786937714,25.4038143157959,0.8792546391487122,0.04371530935168266,24.197345733642578,0.8637456297874451,0.052444521337747574,20.24808692932129,0.7563163638114929,0.06748597323894501,0.7209976255893707,0.09896251397288364
11,0.0007643755747450134,24.034826040267944,0.0931007227981868,0.04965247396055771,0.8586990616243818,24.420215606689453,0.8583976030349731,0.048277296125888824,25.7335205078125,0.9081817865371704,0.04373569414019585,26.097837448120117,0.8895472884178162,0.04047095775604248,25.008045196533203,0.8694360852241516,0.04836123809218407,20.841466903686523,0.7664252519607544,0.0605413019657135,0.7344514966011048,0.09252041092385417
12,0.0007578636215969678,23.93160390853882,0.09099685412872097,0.04752529843750855,0.8607770751999773,24.5533390045166,0.8611869812011719,0.04715796187520027,25.912525177001953,0.9115426540374756,0.04232461377978325,26.15036392211914,0.8961916565895081,0.040038611739873886,25.279817581176758,0.8703116774559021,0.045666176825761795,20.870637893676758,0.7667017579078674,0.06060243770480156,0.7375102281570435,0.0906093541694724
13,0.0007507743431222291,23.90797710418701,0.08815779518740981,0.04662507359424363,0.8657670199223186,24.290576934814453,0.8595762848854065,0.049725841730833054,25.593175888061523,0.9114643335342407,0.04479134455323219,25.60173225402832,0.8913018703460693,0.04453533515334129,25.062667846679688,0.8684337735176086,0.047584161162376404,20.90473175048828,0.7671052813529968,0.06199254095554352,0.7334203541278839,0.09272344442813293
14,0.0007431192381564083,23.85465407371521,0.0892497273971853,0.04779639159855635,0.8647631552556286,24.72542953491211,0.8661661744117737,0.04609670490026474,26.07358741760254,0.9175373315811157,0.04091658443212509,26.445720672607422,0.8984947800636292,0.03810858353972435,25.4547176361084,0.8751935362815857,0.0443074032664299,20.927684783935547,0.7734391689300537,0.06105424091219902,0.7421509563922882,0.08769066502218661
15,0.000734910723307753,23.890516996383667,0.08531336624013341,0.045468278330467314,0.8704836598556974,24.002077102661133,0.8643059134483337,0.05082234740257263,24.839035034179688,0.9151548147201538,0.04874420166015625,25.792831420898438,0.8980984687805176,0.04223286360502243,24.70183563232422,0.8720565438270569,0.04784771800041199,20.674610137939453,0.7719139456748962,0.06446459889411926,0.732178920507431,0.09105791345886562
16,0.0007261621128173654,23.924102067947388,0.08298998295693942,0.04375204903519024,0.8734806014791779,24.8140926361084,0.8643402457237244,0.0461030937731266,26.28688621520996,0.916297435760498,0.04095243290066719,26.43520164489746,0.8976520299911499,0.03935587778687477,25.53045654296875,0.8719133138656616,0.044681351631879807,21.003826141357422,0.7714982032775879,0.05942272022366524,0.7423462808132172,0.088559671588566
17,0.0007168875969634533,23.947940587997437,0.08399640537960373,0.0435905770763107,0.8711785521844159,25.43988609313965,0.8729320764541626,0.04297896474599838,26.898273468017578,0.9235922694206238,0.03918422386050224,27.91594696044922,0.9096516966819763,0.03144174441695213,25.68537139892578,0.8787428736686707,0.04516046121716499,21.259946823120117,0.779741644859314,0.05612942948937416,0.754464614391327,0.08284343779087067
18,0.0007071022190446474,23.890143632888794,0.08128612113954581,0.04264349861920852,0.8758448851497277,24.184900283813477,0.8654617667198181,0.05184626579284668,25.790491104125977,0.9157840609550476,0.04599853232502937,25.620817184448242,0.9013282656669617,0.04494268074631691,24.691818237304688,0.8713382482528687,0.05205106735229492,20.6364803314209,0.7733966708183289,0.06439278274774551,0.7350421369075775,0.09104844603849493
19,0.0006968218509797159,23.861783742904663,0.07923757284879684,0.04134738677100319,0.8787281639550043,25.27203941345215,0.8755457401275635,0.04390935227274895,26.836101531982422,0.9272857308387756,0.03854529932141304,27.397418975830078,0.9120813608169556,0.034990448504686356,25.54157257080078,0.8799667358398438,0.044784363359212875,21.31306266784668,0.7828491926193237,0.05731728672981262,0.7536733627319336,0.08209367225999417
20,0.0006860631675632537,23.827916383743286,0.07835903646343428,0.041069114783211895,0.8802726165108059,24.987756729125977,0.874860942363739,0.04596021771430969,26.49872398376465,0.9272943735122681,0.04024847596883774,27.07194709777832,0.9126235246658325,0.036887846887111664,25.40488624572754,0.878894567489624,0.04566046595573425,20.975461959838867,0.7806313633918762,0.061044082045555115,0.7497774302959442,0.08349692562352055
21,0.0006748436194191056,23.984206199645996,0.07858113320949285,0.040923019668654255,0.8796420576779739,25.58969497680664,0.8774100542068481,0.04204091802239418,27.008520126342773,0.9273855090141296,0.03779102489352226,28.213441848754883,0.917214572429657,0.03035883791744709,25.75895881652832,0.8812173008918762,0.044240642338991165,21.377843856811523,0.7838229537010193,0.055773161351680756,0.7585762143135071,0.08022719621658325
22,0.0006631814046953895,23.92609143257141,0.07836222138417803,0.04165120061446467,0.8809116463298383,25.66204071044922,0.8788593411445618,0.04148431122303009,27.21366310119629,0.9290879964828491,0.03684372082352638,28.00685691833496,0.9183144569396973,0.03136682137846947,26.09169578552246,0.8834012746810913,0.04157454892992973,21.335948944091797,0.7846336364746094,0.05615216866135597,0.7602051794528961,0.07924739886885104
23,0.0006510954395470345,23.936695098876953,0.07722709929246617,0.0405606930549054,0.8820962630536245,25.309080123901367,0.8790498971939087,0.042449768632650375,26.919645309448242,0.9309605956077576,0.037514399737119675,27.08156394958496,0.915678858757019,0.03485513851046562,25.857837677001953,0.8826969265937805,0.04237532988190651,21.377269744873047,0.7868629097938538,0.055054210126399994,0.7558884501457215,0.07966483384370804
24,0.0006386053274537078,23.87697410583496,0.07524650797004932,0.03962869925991348,0.8852401379009952,25.561491012573242,0.8781610727310181,0.04234854131937027,27.1237850189209,0.9291131496429443,0.038059674203395844,27.815454483032227,0.9182544946670532,0.032629940658807755,25.957551956176758,0.8807422518730164,0.043152980506420135,21.34917449951172,0.7845342755317688,0.05555156618356705,0.7585991740226745,0.08003296476343404
25,0.0006257313274228995,23.928791999816895,0.07581611825963078,0.03964401165063938,0.8840556054011636,25.719911575317383,0.8808829188346863,0.04176274687051773,27.309118270874023,0.931638777256012,0.03688814491033554,28.10120391845703,0.9204124808311462,0.03180775046348572,26.08634376525879,0.8846478462219238,0.04241260886192322,21.38298797607422,0.7868323922157288,0.055942486971616745,0.7619403541088104,0.07843451849792314
26,0.000612494321129738,23.982677936553955,0.07407106953146665,0.038831615780034794,0.8868353123898092,26.01616668701172,0.8832117319107056,0.04005958512425423,27.91400718688965,0.9344900250434875,0.03433221951127052,28.2475643157959,0.9205707311630249,0.03084881417453289,26.24372100830078,0.8858649134635925,0.041669510304927826,21.65936851501465,0.7919212579727173,0.05338778719305992,0.7668079495429992,0.07643474994794182
27,0.0005989157790468367,23.89926314353943,0.07322090827738462,0.03815402647318399,0.8878769194302352,25.729093551635742,0.8835976719856262,0.04043811932206154,27.17157554626465,0.933218240737915,0.03628145530819893,28.23258399963379,0.9236493110656738,0.030405422672629356,26.02438735961914,0.8865963220596313,0.041419051587581635,21.487825393676758,0.7909268736839294,0.05364655330777168,0.7634125053882599,0.07645085777925409
28,0.0005850177256191087,23.90825843811035,0.07252347845908093,0.03793592490863217,0.8891061022877693,25.9246826171875,0.8819344639778137,0.04033523052930832,27.668546676635742,0.934326171875,0.035114578902721405,28.43851661682129,0.921052098274231,0.02981260046362877,26.140779495239258,0.885938286781311,0.041532423347234726,21.450885772705078,0.7864212393760681,0.054881319403648376,0.7650257647037506,0.07718523138243219
29,0.0005708227035400373,23.894536018371582,0.07205661604909794,0.03718482821410441,0.889257642885913,25.65516471862793,0.8857199549674988,0.042356397956609726,26.924840927124023,0.9367445111274719,0.03934919089078903,28.199234008789062,0.9259451031684875,0.03193743899464607,25.991914749145508,0.8875689506530762,0.04263986274600029,21.504655838012695,0.7926212549209595,0.05549909919500351,0.7635495364665985,0.07645359149445659
30,0.0005563537371873439,23.912617683410645,0.07198026956504454,0.03711805419753427,0.8893446099498997,25.714916229248047,0.8818725943565369,0.041085802018642426,27.311216354370117,0.9331258535385132,0.03659534826874733,27.883176803588867,0.9202348589897156,0.03222651779651642,26.0609188079834,0.8843967318534851,0.04230944439768791,21.6043643951416,0.7897330522537231,0.053211912512779236,0.7623727500438691,0.07760930450066277
31,0.0005416342952773634,23.965002298355103,0.06888227158671488,0.03553413799154046,0.8941222853634668,26.174484252929688,0.8873341679573059,0.03884267061948776,27.801254272460938,0.9369773864746094,0.034821007400751114,28.636455535888672,0.9283153414726257,0.02894156612455845,26.462583541870117,0.8894509077072144,0.0403708778321743,21.797645568847656,0.7945929765701294,0.05123722553253174,0.770848137140274,0.07384038684160812
32,0.0005266882527987009,24.001195907592773,0.07054141534330405,0.036617236151157515,0.8918240928779477,25.867372512817383,0.8846403956413269,0.0403287373483181,27.871936798095703,0.9387079477310181,0.03386528417468071,27.920883178710938,0.9238740801811218,0.03259527310729027,26.24407196044922,0.8876543641090393,0.04125017300248146,21.432594299316406,0.7883251309394836,0.05360421910881996,0.7656623542308807,0.07589902080919432
33,0.0005115398522869123,23.88984990119934,0.07001335931051036,0.035724070095254676,0.891947106498739,25.971939086914062,0.886903703212738,0.04100998118519783,27.209688186645508,0.9378024339675903,0.03767187520861626,28.71742820739746,0.9264060854911804,0.029760340228676796,26.46084213256836,0.889590859413147,0.04108306020498276,21.49979591369629,0.7938151359558105,0.05552465096116066,0.7681010901927948,0.07518434168204018
34,0.0004962136645030233,23.857835054397583,0.06849639004339343,0.03555308935313445,0.8949572758182235,25.71746826171875,0.8862064480781555,0.04141661152243614,27.410123825073242,0.936855137348175,0.03644184395670891,27.809131622314453,0.9271337985992432,0.03292680159211159,26.000425338745117,0.8869372010231018,0.04274637624621391,21.65019416809082,0.7938995361328125,0.053551413118839264,0.7645715773105621,0.07572874232478764
35,0.0004807345485796652,23.850910425186157,0.0665169712965903,0.03402759406067755,0.8974402644064116,26.24043083190918,0.8893534541130066,0.03878477215766907,28.09821891784668,0.9417963624000549,0.033559542149305344,28.8769474029541,0.9311934113502502,0.02897815778851509,26.455232620239258,0.8902519941329956,0.04027176275849342,21.531322479248047,0.7941722273826599,0.05232962220907211,0.772682112455368,0.07285264037225557
36,0.0004651276116994706,24.023234605789185,0.06846787829114043,0.03492571875129057,0.8943214316083037,26.29572296142578,0.8899622559547424,0.038439396768808365,27.95105743408203,0.9409806728363037,0.03412289544939995,28.7847843170166,0.9297236800193787,0.02903849072754383,26.56051254272461,0.8909034729003906,0.04015371575951576,21.886537551879883,0.7982415556907654,0.05044248700141907,0.7736776649951935,0.07238236847131149
37,0.00044941816837113153,23.94443416595459,0.06551515705802519,0.033415139966603856,0.8988740233623463,26.37114143371582,0.8918426632881165,0.03825642168521881,28.077041625976562,0.9430713057518005,0.033287376165390015,28.836999893188477,0.9328349828720093,0.029536167159676552,26.776159286499023,0.8923659324645996,0.03902765363454819,21.794363021850586,0.799098551273346,0.05117449536919594,0.7755605995655059,0.07139470719772836
38,0.00043363169936917403,23.922077655792236,0.06471934398312283,0.032348531369200864,0.8993694241280141,26.367952346801758,0.8919851779937744,0.0388980396091938,28.181102752685547,0.94228595495224,0.03405389562249184,28.77277374267578,0.9332877993583679,0.030027171596884727,26.71415138244629,0.8924582004547119,0.03996407613158226,21.803773880004883,0.799908459186554,0.051547009497880936,0.7755919933319092,0.07166461128255595
39,0.00041779381040404776,23.857439517974854,0.0655652278750811,0.03299317375311385,0.8983002894598505,26.52278709411621,0.8931710720062256,0.0380408875644207,28.250947952270508,0.9436046481132507,0.03378649428486824,29.197599411010742,0.9344809055328369,0.027919353917241096,26.742416381835938,0.8933460116386414,0.040281571447849274,21.90018653869629,0.8012528419494629,0.05017613247036934,0.7781203746795654,0.07065155259940935
40,0.00040193019058957146,23.90158438682556,0.06542585818501918,0.03307973323187426,0.8986902975517771,25.911510467529297,0.8905329704284668,0.041072823107242584,27.747241973876953,0.9414394497871399,0.03596124425530434,27.833206176757812,0.9319850206375122,0.0338931642472744,26.3518123626709,0.8908840417861938,0.04201554134488106,21.713781356811523,0.7978230118751526,0.052421342581510544,0.7691603660583496,0.07349685190812401
41,0.00038606657077509533,23.959640741348267,0.06545154776667124,0.032783882489994816,0.8983079003898994,26.27764129638672,0.8920480608940125,0.03931846097111702,28.273670196533203,0.9429762363433838,0.03481185808777809,28.50202751159668,0.9322720170021057,0.03110487572848797,26.64628791809082,0.893230676651001,0.040449876338243484,21.688568115234375,0.799713134765625,0.05090723931789398,0.7744945466518403,0.07185589716486308
42,0.00037022868180996906,23.994030475616455,0.06463733532101563,0.031806200307429484,0.8989407646915187,26.07923698425293,0.8939419388771057,0.03979209437966347,27.67416000366211,0.9442785382270813,0.0355570949614048,28.65390968322754,0.9360092878341675,0.029673146083950996,26.33209991455078,0.894599437713623,0.04111578315496445,21.65677833557129,0.8008802533149719,0.05282235145568848,0.7729614317417145,0.07120715146479399
43,0.00035444221280801145,23.89545226097107,0.061924613749041506,0.030547609097202836,0.903266655686109,26.751571655273438,0.895455539226532,0.037448495626449585,28.68891716003418,0.9459698796272278,0.032822705805301666,29.437192916870117,0.9373225569725037,0.027270140126347542,26.87778091430664,0.8955385088920593,0.03957482799887657,22.002391815185547,0.8029912710189819,0.050126299262046814,0.7821224153041839,0.06925702840089798
44,0.00033873276947967237,23.915789365768433,0.06228782354003709,0.030759862877185577,0.9027359809564508,26.4431209564209,0.8955188989639282,0.03772648796439171,28.02975082397461,0.9455684423446655,0.033958904445171356,29.140077590942383,0.9378947615623474,0.028052987530827522,26.555753707885742,0.8943930268287659,0.0400286540389061,22.04689598083496,0.8042197227478027,0.04886540025472641,0.7782984614372254,0.06937315606552621
45,0.0003231258325994778,23.935606241226196,0.06319884668387797,0.030703523348126073,0.9007517935141273,26.745912551879883,0.896579384803772,0.03707989305257797,28.736621856689453,0.9476311802864075,0.03201007843017578,29.20223045349121,0.9379030466079712,0.028584646061062813,26.99724006652832,0.896999716758728,0.0382961668074131,22.047550201416016,0.8037837743759155,0.04942869022488594,0.7826135993003845,0.06853036679651427
46,0.0003076467166761198,23.984984874725342,0.06220662346838609,0.0298526541572874,0.9019008304761804,26.637432098388672,0.8971359133720398,0.037306517362594604,28.849872589111328,0.9483267664909363,0.031635917723178864,29.061267852783203,0.9388075470924377,0.028640754520893097,26.82077407836914,0.897358775138855,0.03927670791745186,21.817811965942383,0.804050624370575,0.0496726930141449,0.7815358579158783,0.06838570276032323
47,0.00029232052889223073,23.94362473487854,0.06189835757907966,0.029973440327803077,0.9026850740546766,26.6357421875,0.8973445296287537,0.037602514028549194,28.60420799255371,0.947899341583252,0.03293326497077942,29.15849494934082,0.9394672513008118,0.028175070881843567,26.821741104125977,0.8967909812927246,0.03949475288391113,21.95853614807129,0.8052202463150024,0.049806952476501465,0.7816190421581268,0.06844253870456116
48,0.0002771721283804422,24.00482964515686,0.06138725246748199,0.028900949567880318,0.9025733947106029,26.87267303466797,0.8978737592697144,0.03696500137448311,29.053386688232422,0.9488641619682312,0.031131993979215622,29.5921630859375,0.9406551122665405,0.027007699012756348,26.94310760498047,0.8973820805549622,0.03942325711250305,21.90203285217285,0.8045939803123474,0.050297051668167114,0.7848452925682068,0.0678563263753186
49,0.00026222608590177957,23.88638210296631,0.0608782103366178,0.029143586461229817,0.9039163275257401,26.717370986938477,0.8979743719100952,0.036985743790864944,28.43681526184082,0.9478041529655457,0.03322272375226021,29.347230911254883,0.9398714900016785,0.02778512053191662,27.058256149291992,0.8980609774589539,0.03789585456252098,22.02716827392578,0.8061608076095581,0.04903927072882652,0.7829543232917786,0.06781954642223276
50,0.00024750664399179916,23.90997004508972,0.06139664683976899,0.029311000126535477,0.9030084765475729,26.92744255065918,0.8992100358009338,0.0365443080663681,28.870067596435547,0.9498928785324097,0.03189980983734131,29.735607147216797,0.9414556622505188,0.026441192254424095,27.015121459960938,0.8985476493835449,0.03937552496790886,22.088970184326172,0.806943953037262,0.048460692167282104,0.7861980497837067,0.067001571473868
51,0.00023303767763910554,23.93216586112976,0.06003047832611786,0.028292743438530877,0.9047606082066245,27.031187057495117,0.8997048139572144,0.0360671691596508,29.10602569580078,0.9504366517066956,0.03106381930410862,29.799968719482422,0.9421741366386414,0.02626212313771248,27.152881622314453,0.8987416625022888,0.03835596889257431,22.065874099731445,0.8074665069580078,0.04858677461743355,0.7877422451972962,0.06651610816302507
52,0.00021884265556003414,23.965603351593018,0.059661336020445044,0.027925625483950844,0.9051319963258245,26.999731063842773,0.9003280997276306,0.03583221882581711,28.734159469604492,0.951519250869751,0.03210555762052536,29.875669479370117,0.9423114657402039,0.02597677893936634,27.26628875732422,0.8994170427322388,0.037498366087675095,22.1228084564209,0.8080645203590393,0.04774815961718559,0.78766068816185,0.06609703438437503
53,0.00020494460213230634,23.929761171340942,0.059445983143118414,0.0275521636535616,0.9051719469868619,27.155498504638672,0.9013333320617676,0.03510679304599762,29.265317916870117,0.9525591135025024,0.030362699180841446,29.944835662841797,0.9433000087738037,0.025737497955560684,27.341022491455078,0.9005574584007263,0.036838605999946594,22.07082748413086,0.8089167475700378,0.047488369047641754,0.7901103973388672,0.06523891117261804
54,0.00019136606004940484,23.878002405166626,0.05773273428254153,0.026919427854211433,0.9080838859081268,27.043245315551758,0.9005973935127258,0.03587982431054115,29.23686408996582,0.9518328309059143,0.030572155490517616,29.75136375427246,0.9426244497299194,0.02642829529941082,27.16962242126465,0.9002143144607544,0.03817639872431755,22.015134811401367,0.8077179193496704,0.048342444002628326,0.7883392632007599,0.06599440328452898
55,0.0001781290537562434,23.90262794494629,0.05822106697799071,0.027063693071756025,0.9072138550488845,26.87947654724121,0.9011563658714294,0.03654930740594864,28.840011596679688,0.9522459506988525,0.03160388395190239,29.431482315063477,0.9426651000976562,0.027984896674752235,27.27737045288086,0.9010545611381531,0.037376340478658676,21.96904182434082,0.8086596131324768,0.049232110381126404,0.7865716397762299,0.06608150510684303
56,0.00016525505372543505,23.973169803619385,0.05781820410376658,0.026575711970824912,0.9075222902971766,27.06461524963379,0.9016925692558289,0.03592222183942795,29.26409149169922,0.9526087641716003,0.03028828091919422,29.82210922241211,0.9442731738090515,0.026312027126550674,27.103134155273438,0.9003041386604309,0.03892551362514496,22.069120407104492,0.8095840811729431,0.04816306009888649,0.7891539752483367,0.06549751823363097
57,0.00015276494163210847,23.94032120704651,0.05756583342166698,0.02621016000478488,0.9076491004746893,27.145763397216797,0.9018893837928772,0.03534147888422012,29.265300750732422,0.9528467059135437,0.030544934794306755,29.848979949951172,0.9441506862640381,0.02625974453985691,27.356786727905273,0.9015166163444519,0.03719905763864517,22.111974716186523,0.8090435266494751,0.04736217111349106,0.7902667343616485,0.0650987803288128
58,0.0001406789764837535,23.924898862838745,0.05621975692717925,0.02567373518832028,0.909893380559009,27.160015106201172,0.9021890163421631,0.03542334586381912,29.149581909179688,0.9532193541526794,0.03094397857785225,30.02958869934082,0.9448489546775818,0.025362061336636543,27.30316925048828,0.9011325240135193,0.03760097548365593,22.157724380493164,0.8095554709434509,0.047786369919776917,0.7905946969985962,0.06499974040881447
59,0.00012901676176003737,23.91978693008423,0.05778407495792793,0.026092321075418073,0.9070580212966256,27.013538360595703,0.9023028612136841,0.035700250416994095,29.10708236694336,0.9530503749847412,0.030943799763917923,29.64604949951172,0.9445861577987671,0.026855742558836937,27.227354049682617,0.9012243747711182,0.03741883113980293,22.07366943359375,0.8103506565093994,0.04758261516690254,0.7888206601142883,0.06509139421193497
60,0.00011779721361588923,23.902865409851074,0.05585506619156703,0.0251636596335827,0.9100967862683794,27.161191940307617,0.9029974937438965,0.0355040542781353,29.35892677307129,0.9536677002906799,0.030307328328490257,29.756668090820312,0.9447504281997681,0.026832718402147293,27.314294815063477,0.9025678038597107,0.03748439997434616,22.214876174926758,0.8110039830207825,0.04739175736904144,0.7910136461257935,0.06465894955655803
61,0.000107038530199427,23.939664125442505,0.05721467453986406,0.025723431492224336,0.9078498628476391,27.03383445739746,0.9028318524360657,0.035949885845184326,29.20068359375,0.9534695744514465,0.03066903166472912,29.612024307250977,0.944542407989502,0.027363864704966545,27.13796043395996,0.9023959040641785,0.03821849822998047,22.184677124023438,0.8109194040298462,0.04754814878106117,0.7893388569355011,0.0649719264196313
62,9.67581621344955e-05,23.990520238876343,0.056368028522347624,0.025188065705942394,0.9090418339423512,27.174118041992188,0.9037344455718994,0.035242460668087006,29.20940399169922,0.9543294310569763,0.030565718188881874,29.7047176361084,0.9454755187034607,0.02723943442106247,27.54395294189453,0.9035223126411438,0.035970814526081085,22.23838996887207,0.8116103410720825,0.047193869948387146,0.791543698310852,0.064171996453534
63,8.697278421568968e-05,23.97604537010193,0.05545505525989701,0.024629556938357975,0.9103480396063431,27.12698745727539,0.9032802581787109,0.03549401834607124,29.313661575317383,0.953858494758606,0.030411897227168083,29.6844425201416,0.9451416730880737,0.026982411742210388,27.350805282592773,0.9026537537574768,0.037040818482637405,22.159042358398438,0.8114672899246216,0.04754093289375305,0.7907274723052978,0.06451958029166512
64,7.769826836177757e-05,23.902863264083862,0.05590679583585133,0.024745028678570754,0.9095232522358065,27.10276222229004,0.9031615853309631,0.03549007326364517,29.07024574279785,0.9536355137825012,0.030880523845553398,29.66719627380371,0.9452465176582336,0.027105432003736496,27.47153091430664,0.9027715921401978,0.03667629882693291,22.202070236206055,0.8109928369522095,0.04729803651571274,0.790365320444107,0.06457378715276718
65,6.894965787139003e-05,23.90077519416809,0.05504883536259118,0.024413683198635346,0.9109654241929883,27.275161743164062,0.9042525887489319,0.035137321799993515,29.54401397705078,0.9548612833023071,0.029790565371513367,29.912267684936523,0.9461422562599182,0.02646474726498127,27.408876419067383,0.9035752415657043,0.03735794499516487,22.235490798950195,0.8124319911003113,0.04693603515625,0.7930658161640167,0.06387102053217265
66,6.0741143022734694e-05,23.97392249107361,0.0550351829227546,0.02419628836619465,0.9107530505760856,27.232458114624023,0.9044643640518188,0.03503783792257309,29.238109588623047,0.9546611905097961,0.030523225665092468,29.91166877746582,0.9464964866638184,0.02641349844634533,27.5213680267334,0.9040214419364929,0.036236390471458435,22.258686065673828,0.8126784563064575,0.04697824642062187,0.7926379084587097,0.06371831440407297
67,5.308603805691374e-05,23.963472366333008,0.05451507534345855,0.02413591506647999,0.911783174328182,27.341419219970703,0.9046474695205688,0.03461788594722748,29.490144729614258,0.9551809430122375,0.02980673313140869,30.099227905273438,0.9469431042671204,0.025623969733715057,27.5358829498291,0.9040841460227966,0.03618581220507622,22.24042320251465,0.8123819231987,0.046855028718709946,0.7940914750099182,0.06341062356596408
68,4.59967595821752e-05,23.958429098129272,0.054470130080438176,0.023811637677009338,0.9115182365412298,27.381366729736328,0.9049007296562195,0.034444890916347504,29.466798782348633,0.9554221034049988,0.029875602573156357,30.078075408935547,0.9468050599098206,0.025748921558260918,27.67428970336914,0.904447078704834,0.035730861127376556,22.30630111694336,0.8129289150238037,0.04642418026924133,0.7947174489498139,0.06319959558870482
69,3.9484806434129534e-05,23.894620656967163,0.054646838972668935,0.02361680568276864,0.910929350749306,27.37344741821289,0.9049252867698669,0.03445575013756752,29.59514808654785,0.9553332924842834,0.029586564749479294,30.03458595275879,0.9467998743057251,0.025996381416916847,27.547531127929688,0.9045361876487732,0.036052800714969635,22.3165225982666,0.8130315542221069,0.046187255531549454,0.7946307361125946,0.06319368922192117
70,3.356074102459641e-05,23.85859227180481,0.0540849671739599,0.02344439126065244,0.9119232753696649,27.357995986938477,0.9049275517463684,0.03461113199591637,29.47060775756836,0.9554139971733093,0.029934877529740334,30.03351593017578,0.9468143582344055,0.02608884498476982,27.650728225708008,0.9043028354644775,0.0358867272734642,22.27712631225586,0.8131788372993469,0.04653407260775566,0.7944387257099151,0.06327435277078462
71,2.8234172209333373e-05,23.946207523345947,0.053219715477493795,0.023217858878247764,0.9134971032971921,27.38423728942871,0.9051395058631897,0.03451457619667053,29.5467586517334,0.9555536508560181,0.029662951827049255,30.098388671875,0.9473046064376831,0.02584831602871418,27.548768997192383,0.904366672039032,0.03632296994328499,22.343042373657227,0.81333327293396,0.046224065124988556,0.7948727190494538,0.06312304961940517
72,2.3513739702437408e-05,23.95842432975769,0.05420162595565552,0.02336859103778134,0.9115931080735248,27.404603958129883,0.9053645730018616,0.03446146845817566,29.56279754638672,0.9557505249977112,0.02972479537129402,30.082111358642578,0.947365403175354,0.02584109641611576,27.652698516845703,0.9046863317489624,0.03608611971139908,22.3208065032959,0.8136560916900635,0.04619385302066803,0.7952398359775543,0.06298843803613083
73,1.9407100062696605e-05,23.968013763427734,0.05327993200120071,0.02303499934445743,0.9131672252779421,27.400634765625,0.905476450920105,0.03437173366546631,29.49456024169922,0.9558438062667847,0.029840713366866112,30.10179901123047,0.9474018216133118,0.025803053751587868,27.65930938720703,0.9047641158103943,0.03591911867260933,22.346881866455078,0.8138960003852844,0.04592404142022133,0.795246160030365,0.06288821185412614
74,1.5920914274624087e-05,23.937156200408936,0.05485637349319523,0.023604481916307755,0.9104736933241719,27.371337890625,0.9054991006851196,0.034470703452825546,29.462940216064453,0.9558607339859009,0.029894959181547165,30.092439651489258,0.9474213719367981,0.025796372443437576,27.637104034423828,0.9048154950141907,0.03600176423788071,22.29286766052246,0.8138988614082336,0.046189721673727036,0.7948912739753723,0.06292953925288242
75,1.3060836944316562e-05,23.884252309799194,0.05362497618340928,0.023084058274474482,0.9124938236630481,27.41305923461914,0.9055078029632568,0.03439144045114517,29.537900924682617,0.9559075832366943,0.02971368469297886,30.12942886352539,0.9472836852073669,0.025763392448425293,27.64861297607422,0.9049169421195984,0.03604934364557266,22.336301803588867,0.8139232397079468,0.04603934288024902,0.7954171419143676,0.06288368384475293
76,1.0831507127662712e-05,23.999544620513916,0.05381591286024322,0.023313760595477146,0.9123458930331728,27.420595169067383,0.9056184887886047,0.03438133746385574,29.604385375976562,0.9559610486030579,0.029581459239125252,30.113950729370117,0.9475588798522949,0.025726158171892166,27.63681411743164,0.9049110412597656,0.03613166883587837,22.327238082885742,0.8140429854393005,0.04608607292175293,0.7955666840076446,0.062825924028521
77,9.236540805777508e-06,23.95975637435913,0.05472198829216802,0.023385534812088892,0.9105142682142879,27.416339874267578,0.905580461025238,0.03435588255524635,29.59649658203125,0.9559145569801331,0.029580088332295418,30.09482765197754,0.9474453330039978,0.025915836915373802,27.6336727142334,0.9049689173698425,0.03598422929644585,22.34036636352539,0.8139932751655579,0.045943375676870346,0.7954944789409637,0.06283052460007045
78,8.278525019867585e-06,23.95085620880127,0.054545326684804066,0.023227171152425202,0.910711229171442,27.42624282836914,0.9056756496429443,0.034333642572164536,29.566173553466797,0.9559475183486938,0.02966298721730709,30.124225616455078,0.947564423084259,0.02575709857046604,27.66830825805664,0.9050742387771606,0.0359591469168663,22.346263885498047,0.8141165971755981,0.0459553487598896,0.7956658601760864,0.06277370128942572
79,7.959013675041019e-06,23.986910581588745,0.0546872322447598,0.023291246226543317,0.9104829809587934,27.414369583129883,0.9057104587554932,0.034327488392591476,29.556381225585938,0.9559940099716187,0.02971864864230156,30.124187469482422,0.9476737380027771,0.025668857619166374,27.64817237854004,0.9051286578178406,0.03602377697825432,22.32874298095703,0.8140453696250916,0.0458986759185791,0.7955348491668701,0.06275400810915491
