type,severity,identity,A_salt,A_blur,A_occ
clean,none,0.9887345,0.00010280581,0.009161864,0.002000845
salt_pepper,low,0.021265987,0.9784285,3.4656646e-06,0.0003020821
salt_pepper,medium,0.011535442,0.9882482,3.5080714e-06,0.00021277613
salt_pepper,high,0.010983844,0.9888092,3.8386056e-06,0.00020307653
gaussian_blur,low,0.66195714,6.0996535e-07,0.33711985,0.0009224091
gaussian_blur,medium,0.27239615,2.2687753e-07,0.72713023,0.00047342386
gaussian_blur,high,0.15267298,1.6104691e-07,0.84684473,0.00048217265
occlusion,low,0.40304208,2.8413757e-05,0.001089289,0.5958402
occlusion,medium,0.20899919,7.1479146e-05,0.0006636098,0.7902657
occlusion,high,0.12617771,0.00015327016,0.000469312,0.8731997
