step,phase,epoch_in_phase,lr,time_s,train/loss,train/l1,train/ssim,train/ce,train/balance,train/gate_acc,val/score,val/psnr,val/ssim,val/gate_acc,val/psnr/clean,val/ssim/clean,val/mae/clean,val/psnr/salt_pepper,val/ssim/salt_pepper,val/mae/salt_pepper,val/psnr/gaussian_blur,val/ssim/gaussian_blur,val/mae/gaussian_blur,val/psnr/occlusion,val/ssim/occlusion,val/mae/occlusion,val/usage/identity,val/usage/A_salt,val/usage/A_blur,val/usage/A_occ,val/w/clean/identity,val/w/clean/A_salt,val/w/clean/A_blur,val/w/clean/A_occ,val/w/salt_pepper/identity,val/w/salt_pepper/A_salt,val/w/salt_pepper/A_blur,val/w/salt_pepper/A_occ,val/w/gaussian_blur/identity,val/w/gaussian_blur/A_salt,val/w/gaussian_blur/A_blur,val/w/gaussian_blur/A_occ,val/w/occlusion/identity,val/w/occlusion/A_salt,val/w/occlusion/A_blur,val/w/occlusion/A_occ
0,warmup,0,0.00038124999999999997,39.71152663230896,0.07664450541462588,0.024891360561646845,0.8696488206801207,0.06320278930766306,0.003322243082218565,0.9850543478260869,0.8004843398928643,41.08488845825195,0.8684257864952087,0.9483695652173914,87.13269805908203,0.999946117401123,0.00020707848307210952,28.34382438659668,0.8622612357139587,0.026484670117497444,27.27687644958496,0.8686102032661438,0.03509003296494484,21.58615493774414,0.7428857684135437,0.054710958153009415,0.33860358595848083,0.24741263687610626,0.1641349345445633,0.24984852969646454,0.9967699646949768,0.0009503830224275589,0.001874484121799469,0.0004051661817356944,0.010556268505752087,0.9886998534202576,4.143562364333775e-06,0.0007398664020001888,0.3453111946582794,3.063597375785321e-08,0.6546604633331299,2.826745912898332e-05,0.0017773081781342626,9.596564041203237e-07,1.0785755648612394e-06,0.9982208013534546
1,warmup,1,0.00014375000000000005,38.94422507286072,0.07494843095217062,0.02441836731589359,0.8747304256843484,0.1265213227952304,0.011844836410803153,0.9609375,0.7985027477145195,37.77570343017578,0.8701161742210388,0.9741847826086957,74.80052185058594,0.9999527931213379,0.0004456182068679482,28.32061767578125,0.8618592023849487,0.026505475863814354,26.41629981994629,0.8624681234359741,0.039559997618198395,21.56537628173828,0.7561845183372498,0.053312379866838455,0.31877145171165466,0.2476278841495514,0.20535437762737274,0.22824546694755554,0.9907811284065247,5.0785318308044225e-05,0.008945979177951813,0.0002217351138824597,0.00942806713283062,0.9904420375823975,2.834932729456341e-06,0.00012692608288489282,0.18767593801021576,3.09073620030631e-08,0.8122578263282776,6.56316478853114e-05,0.08720038086175919,1.9616536519606598e-05,0.00021219327754806727,0.9125677347183228
2,warmup,2,2.5e-05,38.86435079574585,0.0747882092533552,0.02434961746811219,0.8752568752869315,0.13486345019191504,0.012720127093970128,0.9585597826086957,0.8003183633089066,38.0716667175293,0.8716068863868713,0.9633152173913043,75.64187622070312,0.9999743103981018,0.0003578378527890891,28.33618927001953,0.8620960116386414,0.026469606906175613,26.739177703857422,0.8659549951553345,0.03800443559885025,21.569412231445312,0.7584021091461182,0.053113628178834915,0.33495190739631653,0.2470627725124359,0.1922106295824051,0.22577419877052307,0.9927651882171631,6.489074439741671e-05,0.0068196519277989864,0.00035016806214116514,0.01168751809746027,0.9881630539894104,3.4616741686477326e-06,0.00014571052452083677,0.23807016015052795,3.862890807226904e-08,0.7618245482444763,0.00010502007353352383,0.09728474169969559,2.3944465283420868e-05,0.0001956403866643086,0.9024959802627563
3,joint,0,1.5845224818770274e-05,82.28649759292603,0.07868434383493403,0.026292176653995462,0.8715746331474056,0.20269073278683683,0.02683531133579495,0.9150815217391305,0.8027748435735702,37.777183532714844,0.8745655417442322,0.9320652173913043,74.15127563476562,0.9999741315841675,0.00036928438930772245,28.30057144165039,0.8621859550476074,0.026668833568692207,27.14047622680664,0.8725765347480774,0.03613695874810219,21.51641082763672,0.763525664806366,0.05305231735110283,0.3731640577316284,0.24641545116901398,0.16590383648872375,0.2145165205001831,0.9928767085075378,2.8088910767110065e-05,0.0067395432852208614,0.00035548978485167027,0.014222145080566406,0.9856106042861938,4.144887043366907e-06,0.0001632893254281953,0.3432924151420593,6.615733383341649e-08,0.6565505862236023,0.00015703401004429907,0.14226485788822174,2.4009044864214957e-05,0.000320720806485042,0.8573905229568481
4,joint,1,1.566744924869858e-05,82.2095594406128,0.0793772402178982,0.02648240763127156,0.8700676508571791,0.19409016090566697,0.02607311301803945,0.9164402173913043,0.80350561439991,37.599266052246094,0.8751285672187805,0.9089673913043478,73.29582214355469,0.9999711513519287,0.0003888721112161875,28.25984001159668,0.8614334464073181,0.026793261989951134,27.45513153076172,0.8743786215782166,0.034498248249292374,21.386259078979492,0.7647309303283691,0.05359271168708801,0.3851245939731598,0.2462877333164215,0.15634842216968536,0.21223880350589752,0.9924856424331665,1.7770591512089595e-05,0.00709525914862752,0.0004014446458313614,0.014720328152179718,0.985109269618988,4.067464487889083e-06,0.00016621533723082393,0.3818679451942444,8.859468181299235e-08,0.6179329752922058,0.00019888384849764407,0.15142540633678436,2.4836188458721153e-05,0.00036135100526735187,0.848188579082489
5,joint,2,1.5374273419196564e-05,82.27198123931885,0.07873806624632815,0.026244133508399776,0.8720329332610836,0.22022174072006476,0.031655254267642034,0.9008152173913043,0.8033589720726013,37.152835845947266,0.8753962516784668,0.9130434782608695,71.59986877441406,0.9999590516090393,0.00046289837337099016,28.28850555419922,0.8619502782821655,0.026666536927223206,27.289396286010742,0.8739506006240845,0.03527209162712097,21.433578491210938,0.7657248377799988,0.053048331290483475,0.38353562355041504,0.24629397690296173,0.15964384377002716,0.21052636206150055,0.9912222027778625,1.1816991900559515e-05,0.008295096457004547,0.00047097456990741193,0.014689559116959572,0.9851390719413757,3.855498562188586e-06,0.0001674871309660375,0.36991679668426514,9.485400198627758e-08,0.6298607587814331,0.00022236915538087487,0.15831394493579865,2.621238490974065e-05,0.0004157247894909233,0.8412443995475769
6,joint,3,1.4970320888230225e-05,82.2254376411438,0.07828813815570396,0.02603619290596765,0.8731065982061884,0.23105343787566476,0.033588210525720016,0.8940217391304348,0.8039509326219558,36.787235260009766,0.8761263489723206,0.90625,70.0648422241211,0.9999476075172424,0.0005272873677313328,28.270492553710938,0.8620479702949524,0.02672395668923855,27.419981002807617,0.8742867112159729,0.034323398023843765,21.393613815307617,0.768222987651825,0.05269009992480278,0.39057469367980957,0.2458624243736267,0.1600041389465332,0.20355848968029022,0.9897829294204712,8.331679055118002e-06,0.009706524200737476,0.0005022166296839714,0.01640636846423149,0.9834128022193909,4.166465714661172e-06,0.0001764555199770257,0.3699915111064911,1.0840621911256676e-07,0.6297615170478821,0.00024699995992705226,0.18611879646778107,2.9532562621170655e-05,0.0005440308596007526,0.8133078813552856
7,joint,4,1.446196222852245e-05,82.21140742301941,0.07869537417655406,0.026111800162850515,0.872161152570144,0.22519069416043552,0.03331618695317403,0.8980978260869565,0.8041559427976608,36.88042068481445,0.8768310546875,0.8980978260869565,70.48473358154297,0.9999512434005737,0.0005063915159553289,28.22471046447754,0.8618976473808289,0.027029726654291153,27.397035598754883,0.8745609521865845,0.03454480692744255,21.41518211364746,0.7709144949913025,0.052104316651821136,0.39807870984077454,0.24604788422584534,0.15813322365283966,0.19774003326892853,0.9903559684753418,1.1382986485841684e-05,0.00908894557505846,0.0005435019847936928,0.015671834349632263,0.9841461777687073,4.086973603989463e-06,0.00017778882465790957,0.3769230246543884,1.2301202900744101e-07,0.6228054165840149,0.00027134944684803486,0.20936319231987,3.478133294265717e-05,0.0006343190325424075,0.7899678945541382
8,joint,5,1.385721455981557e-05,82.29752993583679,0.0785588328929051,0.02596305547606038,0.8724268759074418,0.22893869075114312,0.03482645762193462,0.8926630434782609,0.804622945189476,36.97928237915039,0.8759530186653137,0.9144021739130435,70.59025573730469,0.9999554753303528,0.0004921034560538828,28.295507431030273,0.8618011474609375,0.026603134348988533,27.4422550201416,0.8749101161956787,0.03425730764865875,21.589111328125,0.7671449780464172,0.052323006093502045,0.3880821168422699,0.24633511900901794,0.1557244062423706,0.20985789597034454,0.990490198135376,1.5885085304034874e-05,0.008759599179029465,0.0007343782926909626,0.014524286612868309,0.9852864742279053,3.783102101806435e-06,0.00018529225781094283,0.38597530126571655,1.581122290872372e-07,0.613681435585022,0.00034322350984439254,0.1613391637802124,3.8843281799927354e-05,0.00045334696187637746,0.8381686210632324
9,joint,6,1.3165615114103843e-05,82.31706261634827,0.07771710516965907,0.025707043768109186,0.87388374624045,0.22892137649266617,0.034094998066354056,0.8960597826086957,0.8044628620147705,37.125938415527344,0.8761395812034607,0.9171195652173914,71.2579574584961,0.99996018409729,0.00046457420103251934,28.27060317993164,0.8622856736183167,0.026734020560979843,27.456327438354492,0.8741718530654907,0.034311749041080475,21.518861770629883,0.7681403756141663,0.052403662353754044,0.38767504692077637,0.24673499166965485,0.1585790514945984,0.2070106863975525,0.9908590912818909,2.833359394571744e-05,0.008342146873474121,0.0007701261783950031,0.012960009276866913,0.9868561029434204,3.5897021462005796e-06,0.00018041326256934553,0.37412071228027344,1.7360507342800702e-07,0.6255193948745728,0.0003594845184125006,0.1727602481842041,5.556038740905933e-05,0.00045161577872931957,0.8267326951026917
10,joint,7,1.2398070827787622e-05,82.23763728141785,0.07797124439283558,0.025963755425713633,0.8737204003593196,0.2312163960026658,0.03506482638540152,0.8953804347826086,0.8052502945065498,37.13767623901367,0.8769398331642151,0.9021739130434783,71.18098449707031,0.9999627470970154,0.0004586696741171181,28.269245147705078,0.8617188930511475,0.02696257084608078,27.58291244506836,0.8757368922233582,0.03375861048698425,21.517560958862305,0.7703408598899841,0.0520627498626709,0.40015581250190735,0.24667492508888245,0.15070058405399323,0.20246827602386475,0.9911386966705322,2.960913843708113e-05,0.008000336587429047,0.0008311907295137644,0.013201883062720299,0.9866079092025757,3.703707307067816e-06,0.00018681111396290362,0.4053329527378082,2.1167844010960835e-07,0.5942583680152893,0.00040850817458704114,0.19094985723495483,6.264395778998733e-05,0.000540505803655833,0.8084467053413391
11,joint,8,1.156668633277085e-05,82.28936004638672,0.0791583321178737,0.026194489824221186,0.8714506658522979,0.2289190270492564,0.03583311348262688,0.8933423913043478,0.805684819817543,37.289066314697266,0.8770617842674255,0.9008152173913043,71.6670150756836,0.999966025352478,0.0004337592690717429,28.32864761352539,0.8621840476989746,0.026581989601254463,27.588533401489258,0.8753207921981812,0.033760834485292435,21.572080612182617,0.7707761526107788,0.05183852091431618,0.4007490277290344,0.2467653602361679,0.15143178403377533,0.20105330646038055,0.9914501905441284,4.1646137105999514e-05,0.007601520512253046,0.0009070293745025992,0.012857029214501381,0.9869458675384521,3.752537168111303e-06,0.00019319530110806227,0.40199774503707886,2.256804094713516e-07,0.597571849822998,0.0004301978915464133,0.19669166207313538,7.463913789251819e-05,0.0005505297449417412,0.8026831150054932
12,joint,9,1.0684573059184962e-05,82.20251369476318,0.07756741903722286,0.025901712618930185,0.8744600376357203,0.22973088223649107,0.03571460871835765,0.8957201086956522,0.805075278878212,36.7542839050293,0.8768236637115479,0.9116847826086957,69.6848373413086,0.999945342540741,0.0005309244734235108,28.31488800048828,0.8621006608009338,0.026564085856080055,27.45848846435547,0.8752045035362244,0.03421434015035629,21.558921813964844,0.7700442671775818,0.0520942322909832,0.3962765634059906,0.24632325768470764,0.15598183870315552,0.20141801238059998,0.9896975755691528,2.3935734134283848e-05,0.00927008967846632,0.0010082274675369263,0.01458756159991026,0.9851966500282288,4.0345994420931675e-06,0.00021183678472880274,0.3854670226573944,2.3470829546567984e-07,0.6140714287757874,0.00046143538202159107,0.19535444676876068,7.325389742618427e-05,0.0005817515193484724,0.8039904236793518
13,joint,10,9.765642460303336e-06,82.33533525466919,0.07717220667425705,0.02571310187973406,0.8752648078876993,0.2345670997772528,0.03785077790203302,0.890625,0.8054980993270874,36.936683654785156,0.877113401889801,0.9103260869565217,70.32548522949219,0.9999520778656006,0.0004923967062495649,28.34294319152832,0.8622646331787109,0.02649855799973011,27.489046096801758,0.8759022355079651,0.034152574837207794,21.589258193969727,0.7703346610069275,0.05174523964524269,0.3983006775379181,0.24643918871879578,0.15225422382354736,0.20300570130348206,0.9905641674995422,3.354812361067161e-05,0.008255397900938988,0.0011470562312752008,0.014135058969259262,0.9856438636779785,3.956494765589014e-06,0.00021718081552535295,0.39926424622535706,2.6933764729619725e-07,0.6002181768417358,0.000517437991220504,0.1892390102148056,8.026994328247383e-05,0.000539192056749016,0.8101416230201721
14,joint,11,8.824386620612866e-06,82.2021586894989,0.07854853797218074,0.026092722505816946,0.8725440106962038,0.22726702592943027,0.03515687234618742,0.9035326086956522,0.8054765895009042,36.6839714050293,0.8771471977233887,0.9171195652173914,69.3269271850586,0.999946117401123,0.0005497848032973707,28.344850540161133,0.862240195274353,0.026447607204318047,27.419431686401367,0.8750434517860413,0.0344252735376358,21.644681930541992,0.771358847618103,0.05109632387757301,0.3948814868927002,0.24634641408920288,0.15715889632701874,0.20161309838294983,0.9892579913139343,2.4597433366579935e-05,0.009469542652368546,0.0012475240509957075,0.014497829601168633,0.9852761030197144,3.924883912986843e-06,0.00022261867707129568,0.3808872401714325,2.788314361623634e-07,0.6185705661773682,0.000541510118637234,0.19488251209259033,8.534484368283302e-05,0.0005915153888054192,0.8044405579566956
15,joint,12,7.875649706984456e-06,82.24930763244629,0.07765473992280338,0.025708956522462162,0.8743347810662311,0.2367931086084117,0.038315906604428004,0.8930027173913043,0.8053609728813171,36.613609313964844,0.8772390484809875,0.9171195652173914,69.09718322753906,0.9999445080757141,0.000561846827622503,28.35334587097168,0.8627206683158875,0.02640477940440178,27.4050350189209,0.8748893737792969,0.03455027937889099,21.59886360168457,0.77140212059021,0.051365457475185394,0.3954119086265564,0.24617889523506165,0.1567540019750595,0.20165522396564484,0.9889426827430725,2.4018077965592965e-05,0.009692423976957798,0.0013410936808213592,0.015158801339566708,0.9846022129058838,4.040444764541462e-06,0.00023469982261303812,0.3827052414417267,3.0028249398128537e-07,0.616722047328949,0.0005724936490878463,0.19483967125415802,9.020254947245121e-05,0.0005972869694232941,0.804472804069519
16,joint,13,6.934393867293984e-06,82.27915716171265,0.07689394615590572,0.025378738246534183,0.8755493747151416,0.2366883891594151,0.037999548837947456,0.891983695652174,0.8058558344841004,36.808509826660156,0.8773380517959595,0.9171195652173914,69.7342758178711,0.9999484419822693,0.0005169006180949509,28.3304443359375,0.8624239563941956,0.026533830910921097,27.51775360107422,0.8757849335670471,0.03398733586072922,21.65157127380371,0.771195113658905,0.05143279582262039,0.3972623944282532,0.24646702408790588,0.15334485471248627,0.20292578637599945,0.9898443818092346,3.467893839115277e-05,0.008624748326838017,0.0014961076667532325,0.014034378342330456,0.9857315421104431,3.7944657833577367e-06,0.0002304198278579861,0.39517924189567566,3.4657591641007457e-07,0.6041862368583679,0.0006340891122817993,0.18999062478542328,0.00010213887435384095,0.0005647996440529823,0.8093425631523132
17,joint,14,6.01546326841236e-06,82.19139003753662,0.07751744613051414,0.02557886191441313,0.8743734035802924,0.23375411509819652,0.03754740271150418,0.8926630434782609,0.8062722772359848,36.945430755615234,0.8777865767478943,0.9130434782608695,70.2204360961914,0.9999546408653259,0.00049308204324916,28.352392196655273,0.8626844882965088,0.026402076706290245,27.57353973388672,0.875737726688385,0.03378293290734291,21.635339736938477,0.772769570350647,0.051078859716653824,0.4018781781196594,0.24666154384613037,0.1527106910943985,0.19874905049800873,0.9901570081710815,4.066900146426633e-05,0.008276214823126793,0.0015259137144312263,0.013276523910462856,0.986493706703186,3.647363428171957e-06,0.00022614988847635686,0.3974210023880005,3.701156572333275e-07,0.6019279956817627,0.0006505877827294171,0.20665867626667023,0.0001122711764764972,0.0006352814380079508,0.7925936579704285
18,joint,15,5.1333499948264716e-06,82.31608772277832,0.07713413287116133,0.02552066302007955,0.8751396368379178,0.23519683572585168,0.03703184481507734,0.8980978260869565,0.8059960290789604,36.801082611083984,0.8779691457748413,0.9103260869565217,69.76065826416016,0.9999502301216125,0.0005206601927056909,28.3480281829834,0.8627076148986816,0.026445705443620682,27.460325241088867,0.8753969073295593,0.03433201462030411,21.63531494140625,0.7738217711448669,0.05074737221002579,0.4031258821487427,0.2466275542974472,0.1548900157213211,0.19535589218139648,0.989717960357666,3.8673908420605585e-05,0.008745328523218632,0.0014984884764999151,0.013415259309113026,0.9863533973693848,3.7103429804119514e-06,0.00022749883646611124,0.38924068212509155,3.63312835816032e-07,0.610116183757782,0.0006427979096770287,0.2201310396194458,0.00011874420306412503,0.000695124501362443,0.7790550589561462
19,joint,16,4.301965499809696e-06,82.24119853973389,0.07807534698234952,0.025898868906433167,0.8737513222124266,0.23985027392273364,0.03798373942465886,0.8947010869565217,0.8059301987290381,36.66249465942383,0.8776012659072876,0.9184782608695652,69.16853332519531,0.9999431371688843,0.0005499844555743039,28.35321807861328,0.8622987270355225,0.026432659476995468,27.47021484375,0.8753210306167603,0.034244611859321594,21.658016204833984,0.7728424668312073,0.051031097769737244,0.3983539640903473,0.24649441242218018,0.15553340315818787,0.19961795210838318,0.9890870451927185,3.643194941105321e-05,0.009246176108717918,0.001630476675927639,0.013937942683696747,0.9858205318450928,3.825418389169499e-06,0.00023754953872412443,0.3870660662651062,3.8721555029042065e-07,0.6122482419013977,0.00068537617335096,0.20332494378089905,0.00012087799404980615,0.0006353769567795098,0.7959186434745789
20,joint,17,3.5344212134934778e-06,82.29654717445374,0.07774499338120222,0.025680273082917152,0.8740888801605805,0.23607400116389213,0.03800567366061327,0.8936820652173914,0.8056804850697517,36.6425895690918,0.8779245615005493,0.9103260869565217,69.22054290771484,0.9999433755874634,0.0005505682784132659,28.325481414794922,0.8623884320259094,0.026602361351251602,27.43315887451172,0.8755115270614624,0.034429874271154404,21.591182708740234,0.7738549709320068,0.05097414180636406,0.4031127989292145,0.24660636484622955,0.15490423142910004,0.1953761875629425,0.9892355799674988,3.8622834836132824e-05,0.009128175675868988,0.0015975754940882325,0.01350985374301672,0.986254096031189,3.7152431104914285e-06,0.00023243339092005044,0.38952234387397766,3.959086711802229e-07,0.6097949743270874,0.0006822943687438965,0.2201835662126541,0.00013332902744878083,0.0006907015922479331,0.7789921760559082
21,joint,18,2.8428217677817517e-06,82.25713896751404,0.07720433288942212,0.02553461982018274,0.8754535764455795,0.24785182041966397,0.040308335198737354,0.8845108695652174,0.806237518787384,36.75672912597656,0.8778403997421265,0.9157608695652174,69.48538208007812,0.999947190284729,0.0005323009681887925,28.368810653686523,0.862549901008606,0.026358917355537415,27.510560989379883,0.8754814863204956,0.03398800268769264,21.66217041015625,0.7733830213546753,0.05090373381972313,0.4005923867225647,0.24672403931617737,0.15501292049884796,0.19767020642757416,0.989349365234375,4.6050434320932254e-05,0.008879706263542175,0.0017246900824829936,0.013053780421614647,0.9867095351219177,3.6172932595945895e-06,0.0002332014119019732,0.3887796700000763,4.23392492621133e-07,0.6105054020881653,0.0007145045092329383,0.21118669211864471,0.0001412325509591028,0.0006633977754972875,0.7880087494850159
22,joint,19,2.2380740990748718e-06,82.27836513519287,0.0777098573744297,0.02558171443398232,0.8740644215241723,0.23632875133467757,0.03805533217509156,0.8936820652173914,0.8059134274721145,36.706260681152344,0.8778287768363953,0.9157608695652174,69.38533782958984,0.9999459385871887,0.0005409980076365173,28.352354049682617,0.862496018409729,0.02644968591630459,27.427278518676758,0.8753281235694885,0.03445182368159294,21.66007423400879,0.7735446691513062,0.05080587416887283,0.40023335814476013,0.24668793380260468,0.15559200942516327,0.19748640060424805,0.9892639517784119,4.68877078674268e-05,0.00892490241676569,0.001764197601005435,0.013197640888392925,0.9865619540214539,3.6555427413986763e-06,0.00023697232245467603,0.3865175247192383,4.255339547398762e-07,0.612762987613678,0.0007189739844761789,0.21195411682128906,0.00014297961024567485,0.0006771173211745918,0.7872257232666016
23,joint,20,1.7297154393670964e-06,82.25407552719116,0.07741321866279063,0.025688432238024216,0.8743424700654071,0.2230284438347039,0.0353656406008193,0.8991168478260869,0.8060914561152458,36.77254104614258,0.8780316710472107,0.9144021739130435,69.62596893310547,0.9999479055404663,0.0005249385721981525,28.36008071899414,0.862671971321106,0.026399441063404083,27.45097541809082,0.8756082653999329,0.03434164822101593,21.653135299682617,0.773898720741272,0.050781819969415665,0.40211865305900574,0.24670712649822235,0.15470468997955322,0.19646941125392914,0.9895496368408203,5.1504674047464505e-05,0.008618626743555069,0.0017801178619265556,0.013130304403603077,0.9866285920143127,3.641483999672346e-06,0.00023726595100015402,0.3897651731967926,4.3576400798883697e-07,0.6095072031021118,0.0007270301575772464,0.21602867543697357,0.0001485078682890162,0.0006894870311953127,0.7831332087516785
24,joint,21,1.3257629084007573e-06,82.27573680877686,0.07668126431172309,0.025324051005198904,0.8759417209936224,0.23713198887265247,0.03781589922373709,0.8977581521739131,0.805910274386406,36.637264251708984,0.8777875304222107,0.9184782608695652,69.103759765625,0.9999398589134216,0.0005520513514056802,28.362957000732422,0.8626696467399597,0.026395268738269806,27.396398544311523,0.8753075003623962,0.034507330507040024,21.685932159423828,0.7732329964637756,0.05077172443270683,0.39827314019203186,0.24664217233657837,0.15637393295764923,0.1987103521823883,0.9890672564506531,4.6469798689940944e-05,0.009036310017108917,0.0018499381840229034,0.013379721902310848,0.9863751530647278,3.6664587241830304e-06,0.00024185240908991545,0.3834686279296875,4.358457204034494e-07,0.6157923340797424,0.0007384510827250779,0.20717738568782806,0.00014690274838358164,0.000663859595078975,0.7920116186141968
25,joint,22,1.0325870788987418e-06,82.41010618209839,0.07752407791659884,0.02542319324920359,0.874332061280375,0.23788730370933595,0.038345823995769024,0.8875679347826086,0.806015507876873,36.653316497802734,0.8777776956558228,0.9198369565217391,69.13273620605469,0.9999417066574097,0.0005521316197700799,28.358642578125,0.8625763654708862,0.02641827054321766,27.42063331604004,0.8752553462982178,0.03442534804344177,21.701257705688477,0.7733373045921326,0.050693806260824203,0.39788469672203064,0.24662372469902039,0.15674817562103271,0.1987430304288864,0.9889795184135437,4.597232327796519e-05,0.009106823243200779,0.0018676365725696087,0.013450833968818188,0.9863018989562988,3.677573886307073e-06,0.00024343933910131454,0.3820440471172333,4.355277951617609e-07,0.6172152161598206,0.0007403134950436652,0.20706473290920258,0.00014713205746375024,0.0006673375028185546,0.7921212315559387
